rank	human_gene_symbol	composite_score	n_mouse_csf_datasets	mouse_csf_best_tier	d11_tier	in_r1	r1_category	inclusion_count	ratio_AppNLGF_vs_WT	pvalue_AppNLGF_vs_WT	direction_AppNLGF_vs_WT	ratio_AppNLF_vs_WT	pvalue_AppNLF_vs_WT	direction_AppNLF_vs_WT	ratio_AppNLF_vs_AppNLGF	pvalue_AppNLF_vs_AppNLGF	direction_AppNLF_vs_AppNLGF	n_comparisons_significant	consistent_direction
0	CTSD	1.0	7	A	A	True	CLN10, CPSD, HEL-S-130P	9	1.0175915713887713	0.12097218438105363	ns	0.997686165003834	0.7877673177205489	ns	0.9804387074887313	0.017495862547420717	down	1	True
1	CTSB	0.974853	7	A	A	True	APPS, CPSB	9	1.0152656150933006	0.025790051137532712	up	0.9841857329780366	0.016865913035612246	down	0.9693874374811681	0.0018896920024611425	down	3	False
2	CST3	0.974093	7	A	A	True	ARMD11; HEL-S-2	9	0.993401420432657	0.5367000862242189	ns	0.9863299378037675	0.17787689773131157	ns	0.9928815456839093	0.3775113425740437	ns	0	True
3	PRDX6	0.972758	7	A	A	True		9	1.0154010264048552	0.3398508373594011	ns	1.0150781289549475	0.29912339044161446	ns	0.9996820000753289	0.9695024080013892	ns	0	True
4	PARK7	0.969607	7	A	A	True	Mitophagy core	9	1.0132980141822094	0.572861696678324	ns	1.0136935131094307	0.5895277729485262	ns	1.0003903085979504	0.9757307749227175	ns	0	True
5	HEXB	0.963827	7	A	A	True		9	0.9850344100182036	0.2147524887180927	ns	0.9725751272824655	0.028144836812343414	down	0.9873514238598957	0.13912247434619118	ns	1	True
9	CPQ	0.92628	7	A	A	True	plasma glutamate carboxypeptidase,lysosomal dipeptidase	9	0.9929393646064765	0.07106309830213091	ns	0.9850789214342596	0.0027111325002765942	down	0.9920836624547238	0.08241212815807361	ns	1	True
10	ATP6AP1	0.920976	7	A	A	True	mTOR regulators	9	0.9821779466005044	0.1130440671723016	ns	0.9962734873034508	0.7257901784536962	ns	1.0143513105254842	0.1680475818298002	ns	0	True
11	NPC2	0.919646	7	A	A	True	mTOR regulators	9	0.9932541434007377	0.5200211817668887	ns	0.9823645432894551	0.06001313393791267	ns	0.9890364412938683	0.30363506055703476	ns	0	True
12	EPDR1	0.91029	7	A	A	True		9	0.9928116459251924	0.485327553053968	ns	0.9934038839834138	0.41520930855496413	ns	1.0005965260990362	0.9402637238090087	ns	0	True
13	GM2A	0.908152	7	A	A	True		9	0.9766149846816559	0.02673458434896724	down	0.9927805602792801	0.4659659973278367	ns	1.0165526598006212	0.04789237572265639	up	2	False
14	MAN2B1	0.903069	7	A	A	True		9	0.9889035891759097	0.4278099548509576	ns	0.9645250496845106	0.046062760335036215	down	0.9753479107991563	0.0544719702821491	ns	1	True
18	PRDX5	0.894263	7	A	A	True	Candidate kinases required for basal Autophagy	9	0.9998928691214061	0.9951263922638294	ns	1.0295497502020106	0.10174070503776271	ns	1.02966005858874	0.08702286851916316	ns	0	True
19	CTSA	0.886602	7	A	A	True	GLB2, GSL, NGBE, PPCA, PPGB	9	1.010494442967632	0.3391737377621648	ns	0.9842519146513193	0.11244183193989962	ns	0.9740300122391142	0.013642327868570088	down	1	True
23	CTSS	0.871815	7	A	A	True	none	6	1.002678218130001	0.7670995102702424	ns	0.9801740846614718	0.08550513979178252	ns	0.9775559765220596	0.008786091815207536	down	1	True
25	CTSZ	0.869583	7	A	A	True	CTSX	6	1.0157457775891723	0.1576295729628663	ns	0.9812066999926102	0.02529067867679962	down	0.9659963365257209	0.01240373780352793	down	2	True
31	VCP	0.851335	7	A	B	True	Mitophagy core	4	1.0245650875352814	0.2598645163732926	ns	1.0178375088600276	0.3047906745005426	ns	0.9934337225061634	0.6458288268548091	ns	0	True
57	PKM	0.779544	7	A	A	False		9	0.993725456775103	0.5884963090109918	ns	0.9998449978831738	0.9885419627283321	ns	1.0061581808801903	0.5296059937327413	ns	0	True
58	CHGB	0.778876	7	A	A	False		9	0.9848387561964359	0.18796413798456904	ns	0.9837859479820249	0.14989811499412214	ns	0.9989309841760523	0.8811677690043644	ns	0	True
59	LDHB	0.778713	7	A	A	False		9	1.011249121858687	0.4709889832111658	ns	1.0058916182714133	0.6762051833835294	ns	0.9947020932117829	0.6477902895259608	ns	0	True
60	CLU	0.778697	7	A	A	False		9	0.980751665703885	0.11527596965616445	ns	0.9872676509761384	0.23911729501068715	ns	1.0066438686775792	0.4938088426070596	ns	0	True
61	PPIA	0.77867	7	A	A	False		9	1.0176132818578443	0.03853068886061707	up	1.0213300365688736	0.08026234873954344	ns	1.0036524235456552	0.6893154991856005	ns	1	True
63	B2M	0.776606	7	A	A	False		9	1.0034031485624526	0.6838734950957452	ns	0.9888282262752298	0.20429342533868058	ns	0.9854745101128058	0.02735999402451687	down	1	True
64	YWHAE	0.776417	7	A	A	False		9	1.0128304280216667	0.47723692613632696	ns	1.0193874802852525	0.26195684512042106	ns	1.0064739882236688	0.6005501457021619	ns	0	True
66	MDH1	0.77481	7	A	A	False		9	1.005297764651382	0.7247974929155543	ns	1.0043496645533105	0.7715866900340564	ns	0.9990568962436713	0.9370243624544243	ns	0	True
67	NCAM1	0.774007	7	A	A	False		6	0.9781005305563794	0.1086556223480078	ns	0.9829112460851797	0.16754076275579186	ns	1.0049184264587443	0.5523937130081065	ns	0	True
70	THY1	0.771943	7	A	A	False		9	1.006974114724299	0.3443010162787103	ns	1.0068417924296076	0.401756440428663	ns	0.9998685941448181	0.9776799374260348	ns	0	True
71	CHGA	0.771783	7	A	A	False		8	0.9710943463362733	0.07192204668910149	ns	0.9767439954428213	0.10746316654178684	ns	1.0058178169071448	0.5353739171727877	ns	0	True
72	NUCB1	0.770749	7	A	A	False		8	0.9728989371784211	0.02178724100256382	down	1.007507204163549	0.5653225031460511	ns	1.0355723145155222	0.03821630993433058	up	2	False
73	LGALS3BP	0.770179	7	A	A	False		7	1.0008131916153333	0.8899213382472482	ns	0.990366906940448	0.11861039023030932	ns	0.9895622032539111	0.05780186852644837	ns	0	True
74	CNTN1	0.770147	7	A	A	False		9	0.97839457591983	0.013636720666257228	down	0.9747511567118758	0.0018695246036490607	down	0.9962761248910963	0.5893175385856259	ns	2	True
75	PAM	0.769603	7	A	A	False		9	0.9866071036471007	0.1489960231322651	ns	0.9838719534653582	0.14336780051205444	ns	0.9972277209725819	0.7112353740221653	ns	0	True
78	NRCAM	0.768208	7	A	A	False		8	0.980665150750684	0.2552519684042292	ns	0.9761147809322142	0.16009345780098	ns	0.9953599148343484	0.6221857424348151	ns	0	True
79	PRDX2	0.767953	7	A	A	False		8	1.0235755520292547	0.2960162751965297	ns	1.0196437361794448	0.277349027977943	ns	0.9961587438836196	0.7690870142975941	ns	0	True
80	CLSTN1	0.767219	7	A	A	False		8	0.9822124084004296	0.5170793255585324	ns	0.9831241955127195	0.5273752963266785	ns	1.000928299321503	0.9462756608841856	ns	0	True
81	CPE	0.767121	7	A	A	False		7	1.0046464616715558	0.5002191362360725	ns	1.0011352614028681	0.8619143364541522	ns	0.9965050389339494	0.504699651509168	ns	0	True
82	PSAP	0.766982	7	A	A	False		8	1.0046349264806822	0.16400803164683037	ns	0.9988402720938349	0.7492004571654364	ns	0.9942320795006137	0.11761731325700579	ns	0	True
84	SOD1	0.766743	7	A	A	False		7	1.002603566139931	0.7996220549906097	ns	0.9928439323003018	0.5028680148721258	ns	0.9902657100281377	0.05658329358782618	ns	0	True
85	LSAMP	0.76621	7	A	A	False		7	0.9741698754879723	0.04761887788082601	down	0.9862196275478351	0.2554958254165109	ns	1.0123692513626814	0.11430816195428464	ns	1	True
86	QSOX1	0.765577	7	A	A	False		2	0.9893345881731586	0.09698619522226877	ns	0.9889620303561208	0.08701137176105157	ns	0.9996234258647263	0.8959381609189576	ns	0	True
87	VIM	0.765522	7	A	A	False		6	0.9978731933784654	0.8857572744843469	ns	1.0408008697973854	0.0616030781792928	ns	1.0430191698742617	0.011074247494067864	up	1	True
88	SERPINF2	0.765326	7	A	A	False		1	1.0056030120939747	0.2807431694422979	ns	1.0019312656423462	0.7744322331938225	ns	0.9963487117605357	0.6235977303918085	ns	0	True
89	PLTP	0.764951	7	A	A	False		7	0.9693237062673485	0.03423335312195658	down	0.9858355503029049	0.2405385260687412	ns	1.0170343961762163	0.1148527851711017	ns	1	True
90	IGFBP2	0.763694	7	A	A	False		2	0.9792963354617424	0.09865061007977526	ns	0.9854818722861967	0.2190021483933572	ns	1.006316307536817	0.5629982202720072	ns	0	True
91	VTN	0.762786	7	A	A	False		5	0.9734109321224947	0.0419706242576876	down	0.9827597423774828	0.14008713311426232	ns	1.0096041763519168	0.2803188389938095	ns	1	True
95	GOT1	0.759007	7	A	A	False		3	0.9706712903997528	0.02022602696057399	down	0.9905915450047698	0.1960770069652648	ns	1.020522142564671	0.0722767813606566	ns	1	True
96	P4HB	0.758525	7	A	A	False		1			NA			NA	1.05671491837395	0.009179550578890328	up	1	True
97	APP	0.758453	7	A	A	False		3	0.9800730161456987	0.139555542888491	ns	0.977734884557493	0.08996527677539394	ns	0.9976143291880427	0.785175666141106	ns	0	True
99	MDH2	0.757982	7	A	A	False		4	0.9969326683336635	0.853140426478159	ns	1.030719970792972	0.13503329794684413	ns	1.033891258188763	0.03612979331313675	up	1	True
102	HSPG2	0.755642	7	A	A	False		1	0.972105820629708	0.010108248161349262	down			NA			NA	1	True
104	ANXA5	0.754729	7	A	A	False		4	1.0053267019287608	0.7519963122753397	ns	1.0505085887797896	0.008486982957447785	up	1.0449424915943695	0.02509502268311702	up	2	True
105	CALR	0.753997	7	A	A	False		3	1.0067212822931013	0.3578032489038513	ns	1.0175351639760677	0.06329056898677204	ns	1.0107416837938843	0.21638129439233514	ns	0	True
106	LGALS1	0.753692	7	A	A	False		5	1.012117492754725	0.17560286465118344	ns	1.030088922374288	0.01643385047992422	up	1.017756268168678	0.042882890427756386	up	2	True
108	PDIA3	0.751695	7	A	A	False		4	1.0141347854112759	0.32402388375884994	ns	1.0410202851904398	0.01841397418489359	up	1.0265107756542051	0.05609419151270952	ns	1	True
109	SCG3	0.751441	7	A	A	False		3	0.9813529183529426	0.12955861225496038	ns	0.9812482424274749	0.08016250050004851	ns	0.9998933350851562	0.9911187834468331	ns	0	True
110	PTGDS	0.751221	7	A	A	False		3	0.9799907545272016	0.06727022317985544	ns	0.9789152367027286	0.038906285068329424	down	0.9989025224783963	0.8343779619540379	ns	1	True
111	GC	0.750554	7	A	A	False		1	1.002327441119431	0.6951289318038484	ns	0.9927575936914569	0.374237809072015	ns	0.9904523741091174	0.17024122032059158	ns	0	True
115	DKK3	0.74983	7	A	A	False		3	0.9792601209219602	0.064945482288397	ns	0.9752673100077021	0.033437251046406324	down	0.995922624817501	0.5884484986924702	ns	1	True
117	TPI1	0.7493	7	A	A	False		3	0.9952565778377693	0.7364289856407027	ns	1.004646574632207	0.7377660060522668	ns	1.009434749795714	0.3133812449761064	ns	0	True
121	GSN	0.74798	7	A	A	False		2	0.9800213475738151	0.02184587152663875	down	0.9907733169182369	0.13754287102718818	ns	1.0109711583028675	0.13031069469934067	ns	1	True
122	FAM3C	0.74663	7	A	A	False		3	0.9839492669655031	0.04135345236848734	down	0.9825284203007142	0.008757619791161587	down	0.9985559756864592	0.7892073873072549	ns	2	True
124	AHSG	0.743341	6	A	A	False		1	1.0048897131032175	0.3876857580543922	ns	1.0001341113452415	0.9900470785488666	ns	0.995267538620442	0.6167856917348447	ns	0	True
125	ARHGDIA	0.742981	7	A	A	False		1	1.0112010028789349	0.4265571996083801	ns	1.0204781251310264	0.23909380735396127	ns	1.0091743602168897	0.3717512416785437	ns	0	True
126	YWHAQ	0.7422	7	A	A	False		2			NA			NA	1.0022463483974131	0.8404331961948688	ns	0	True
128	SERPINF1	0.739209	6	A	A	False		0	0.9928758160277524	0.42635347730602163	ns	0.9991423992535803	0.8999133297082182	ns	1.0063115478538887	0.3069205324022802	ns	0	True
129	OGN	0.738473	7	A	A	False		0	0.9748251087381515	0.20354455197612462	ns	1.018476615267457	0.29018353470865405	ns	1.044778808155454	0.03267939688830067	up	1	True
134	TKT	0.736651	7	A	A	False		0	1.0180396768874325	0.3583708772054882	ns	1.024338936994386	0.22717721437937743	ns	1.0061876371323886	0.4928931808178234	ns	0	True
135	LUM	0.73617	6	A	A	False		0	0.9957752946721247	0.5689549082682684	ns	1.0311788509649666	0.01007304381022783	up	1.0355537604540583	0.0015087046556726668	up	2	True
140	CADM4	0.733846	7	A	A	False		2	0.9810124763629405	0.0764377246742091	ns			NA			NA	0	True
142	COCH	0.733721	7	A	A	False		0	0.9948627983939244	0.717240987049842	ns	0.9846073168893967	0.15251805910358765	ns	0.9896915619710739	0.4515634312760263	ns	0	True
145	SEZ6L2	0.733118	7	A	A	False		2	0.9768374238899767	0.0613761539317291	ns	0.9894363445249077	0.29594046819065517	ns	1.0128976637532572	0.29704673948127397	ns	0	True
147	PCSK1N	0.730809	7	A	A	False		2	0.987456228504681	0.3301056174803302	ns	1.0035770601041598	0.7460049352643299	ns	1.016325616401135	0.11788734357097921	ns	0	True
148	SCG2	0.730758	7	A	A	False		2	0.9916877052776807	0.491339782650168	ns	0.9917627850102231	0.5153346627576066	ns	1.0000757090484664	0.9917280176230904	ns	0	True
149	HPX	0.730624	7	A	A	False		3	0.9952104772173155	0.3750182422033667	ns	1.0054484654924085	0.46288815941404793	ns	1.010287259338064	0.09446358003947784	ns	0	True
152	APOA4	0.729007	7	A	A	False		2	1.0125993893769378	0.028813783822919728	up	1.0046759075916634	0.4485345786946916	ns	0.9921751070873649	0.20231875198853486	ns	1	True
154	DBI	0.727988	7	A	A	False		0	1.0022965625914613	0.8569549773117106	ns	0.9997902313217605	0.9880816821762517	ns	0.9974994114883318	0.7394932356900619	ns	0	True
157	BLVRB	0.726191	7	A	A	False		0	1.0203800565591616	0.4290866876568861	ns	1.010284442693477	0.6202654442074731	ns	0.9901060258863466	0.5663770899209388	ns	0	True
166	EFEMP1	0.72087	7	A	A	False		0			NA	0.9791831942730499	0.5634865971076048	ns			NA	0	True
169	MIF	0.720453	7	A	A	False		0	1.0133771892539338	0.41393123937179044	ns	1.0094806754277617	0.5954886535482251	ns	0.9961549225031987	0.7542569389419687	ns	0	True
176	IGFBP4	0.718106	7	A	A	False		0	0.9760287722770917	0.06428517816102408	ns	0.9845556704582568	0.14205782462474859	ns	1.00873631846044	0.42585293193372825	ns	0	True
182	SERPINC1	0.715572	6	A	A	False		0	1.0010837975043747	0.7861528599667692	ns	0.999653754128125	0.9579957945969868	ns	0.9985715048232578	0.809496053938335	ns	0	True
183	GPX3	0.714305	7	A	A	False		0	1.0102840371679411	0.2344231116061686	ns	1.014880635193118	0.04112826371227211	up	1.0045498076343582	0.4752143909596488	ns	1	True
191	FBLN1	0.712732	6	A	A	False		0	0.9555349838556496	0.041375228888290254	down	0.9704265684121802	0.10087167382595913	ns	1.0155845519087559	0.19578123652297863	ns	1	True
198	EGFR	0.710916	7	A	A	False		0	1.048366223271218	0.043932680069709	up			NA			NA	1	True
200	GLO1	0.710784	7	A	A	False		0	1.0143496498768882	0.3910208163263051	ns	1.0207913027597677	0.20034310843934877	ns	1.0063505250715679	0.5370736950994228	ns	0	True
206	AK1	0.706361	7	A	A	False		0	0.9974251839559388	0.8740510539377426	ns	1.006173178723555	0.7431890587333452	ns	1.0087705773909983	0.5278325026570838	ns	0	True
208	VGF	0.705884	5	A	A	False		0	0.9924938277331969	0.3916218989855629	ns	0.9912906766994082	0.2976385304640741	ns	0.9987877496059228	0.779694933927521	ns	0	True
210	GPI	0.705589	6	A	A	False		0	0.9967761631591238	0.8320581016881541	ns	1.001791726787815	0.9022483014392664	ns	1.0050317852834634	0.6006803504810116	ns	0	True
217	ACP1	0.703767	7	A	A	False		0	1.0316351938532713	0.10021475019075815	ns	1.0269813304406024	0.07862510328665295	ns	0.9954888477628548	0.7115899068601239	ns	0	True
219	ENO3	0.702995	7	A	A	False		0	0.9894465832638741	0.5604157531703389	ns	0.9975526534568724	0.8862333512255747	ns	1.0081925293695582	0.5322535364334714	ns	0	True
221	ACO2	0.702241	7	A	A	False		0	1.0020581320765276	0.9084132891175625	ns	1.0344646508278705	0.10971493501960054	ns	1.032339958844691	0.037322142932729535	up	1	True
222	APOH	0.701977	6	A	A	False		0	0.9949482902855239	0.6060612929302169	ns	0.9928547017774921	0.5712198324842208	ns	0.9978957815913921	0.8484407293505991	ns	0	True
223	APOD	0.700993	7	A	A	False		0	0.980425438880998	0.053130082016304314	ns	0.9808867282488334	0.12013322417798622	ns	1.0004704991828464	0.9671565502115743	ns	0	True
226	TUBB	0.699992	6	A	A	False		0			NA			NA	1.009179186338588	0.6519117254339779	ns	0	True
229	IGFBP6	0.698702	7	A	A	False		0			NA	0.9783820005730577	0.19422558243805071	ns			NA	0	True
230	SEMA7A	0.698473	7	A	A	False		0	0.993152525281799	0.5085005798512806	ns	0.9821375775451052	0.22140477577466117	ns	0.9889091076583948	0.2827264156537418	ns	0	True
244	AKR1A1	0.689658	7	A	A	False		0			NA			NA	1.0172761308418963	0.031816984678728254	up	1	True
251	TXNDC17	0.687439	7	A	A	False		0			NA			NA	1.0102710164357818	0.24324063479416505	ns	0	True
261	GRN	0.682755	6	A	A	False		0	1.0018240693026608	0.8512813824956558	ns	1.0011705485076279	0.8752883947184686	ns	0.9993476691017339	0.9484103523194174	ns	0	True
272	KNG1	0.68	7	A	A	False		0	1.0011528571862305	0.8201392178745018	ns	1.0053208644382183	0.484708171676812	ns	1.0047463827004388	0.37538312542849067	ns	0	True
273	TTR	0.68	7	A	A	False		0	0.9867599358299126	0.3768901707847425	ns	0.9861668586457013	0.3390850216804381	ns	0.9993989650748107	0.9287262668260102	ns	0	True
274	SPARCL1	0.68	7	A	A	False		0	0.972516174994062	0.03948143679119712	down	0.9722722801889633	0.021946088340429878	down	0.9997492125978263	0.9787838210137821	ns	2	True
275	ENPP2	0.68	7	A	A	False		0	0.9980437860947372	0.8483748833165257	ns	0.993936154060354	0.5441313481200936	ns	0.9958843168089287	0.4676054332348777	ns	0	True
276	AGT	0.679256	7	A	A	False		0	0.9841679220792194	0.026981302505875295	down	0.9780491430523005	0.012335939008092814	down	0.9937827896137968	0.20481803035116997	ns	2	True
277	BCAN	0.679256	7	A	A	False		0	0.9789919923699658	0.2496672229753253	ns	0.9866141757550908	0.4114872453640228	ns	1.0077857464050068	0.3739748439134542	ns	0	True
278	CA2	0.679169	7	A	A	False		0	1.011873641023109	0.5649080102548004	ns	1.008324903950931	0.6236289359323987	ns	0.9964929049158848	0.786397141955163	ns	0	True
279	FN1	0.679137	7	A	A	False		0	0.9689183099114971	0.038054364097321894	down	0.9759918902962789	0.0489230312820248	down	1.0073004920150885	0.5477480259396128	ns	2	True
280	GPLD1	0.679018	7	A	A	False		0	1.0044840942980269	0.5218442407753502	ns	0.992338140811195	0.3263960324859454	ns	0.9879082669842372	0.21609272740961255	ns	0	True
282	CP	0.678683	6	A	A	False		0	1.0024351745566127	0.4455897519495642	ns	0.9927280538309793	0.1492360443360309	ns	0.9903164603836582	0.03894681534096695	down	1	True
284	HNRNPA2B1	0.678101	7	A	A	False		0			NA			NA	1.0340319926368657	0.06923564890920696	ns	0	True
286	PGK1	0.677736	7	A	A	False		0	0.9993522341793099	0.9572724492700622	ns	1.0052317773086683	0.664864692702179	ns	1.0058833541650976	0.5067764882546929	ns	0	True
287	SCG5	0.677024	7	A	A	False		0	0.9828524322964742	0.24394182685131738	ns	0.987777847581113	0.3939696829728163	ns	1.0050113477087605	0.5402337828595831	ns	0	True
288	NTM	0.67628	7	A	A	False		0	0.9768067578134075	0.07711869314342842	ns	0.9751603094574378	0.04279000876825685	down	0.9983144584711359	0.8119674056474779	ns	1	True
295	CHL1	0.674048	7	A	A	False		0	0.9904955459636219	0.7208608363449351	ns	0.9700351430862901	0.29640976498935284	ns	0.9793432661452036	0.22136153902370187	ns	0	True
296	PENK	0.673217	7	A	A	False		0	0.9910798082295655	0.34975091635004574	ns	0.9927476874965089	0.42550419716914545	ns	1.0016828909771887	0.724691247876442	ns	0	True
298	CKB	0.672818	7	A	A	False		0	1.073471772287748	0.004247288937521758	up	1.058743383822087	0.0026921479062129846	up	0.986279668598763	0.37109060481172135	ns	2	True
299	AHCY	0.672141	6	A	A	False		0			NA			NA	1.004379448228848	0.3002999235201533	ns	0	True
300	PFKM	0.671892	7	A	A	False		0	0.9839360108292526	0.506109585291481	ns	0.9971513422400479	0.9180106368586461	ns	1.0134310882672721	0.63994088894917	ns	0	True
301	NPTXR	0.671518	7	A	A	False		0	1.0021706237170953	0.8561088759728016	ns	0.996903146577378	0.7929414282190247	ns	0.994743931806562	0.5783499220257462	ns	0	True
303	PCOLCE	0.671143	7	A	A	False		0	0.9802328021437551	0.09412669309135922	ns	1.0009493263549583	0.9011499313844276	ns	1.0211342899012321	0.0332538108581532	up	1	True
305	PTPRN2	0.669732	7	A	A	False		0	0.9870998782826741	0.3854729464288129	ns	0.9900157616925112	0.4662152707300825	ns	1.0029539902435305	0.7673591040184593	ns	0	True
306	NPTX1	0.669732	7	A	A	False		0	0.9842775020392532	0.21075581616926659	ns	0.9883877317114531	0.32584489546855205	ns	1.0041758850158458	0.5869917797493102	ns	0	True
311	TUBA4A	0.668265	7	A	A	False		0	1.047536462424595	0.07773079144399117	ns	1.0403074665442262	0.11373573135448585	ns	0.9930990508305201	0.6890248186316721	ns	0	True
313	PFN1	0.668113	4	A	A	False		0	1.010108949614253	0.38300847015827244	ns	1.0315656714268997	0.058276816529763895	ns	1.0212419876299885	0.054719139341186246	ns	0	True
318	CNTN2	0.666161	7	A	A	False		0	0.966168609334155	0.04298767819925618	down	0.9560814615883527	0.02651958902410742	down	0.9895596403688234	0.421637085309013	ns	2	True
319	GOT2	0.665738	6	A	A	False		0			NA			NA	1.077514093670814	0.0253980229678236	up	1	True
320	CSF1R	0.665171	7	A	A	False		0	0.9896012548665816	0.2552327230048611	ns	0.9828299790460456	0.05495783410675954	ns	0.9931575715094977	0.4154959962503949	ns	0	True
327	SPOCK2	0.663819	6	A	A	False		0			NA	0.9956382255029734	0.7582084790392745	ns			NA	0	True
331	PRDX1	0.662211	7	A	A	False		0	1.025430706933489	0.41062823021058076	ns	1.0367078544217454	0.26815629060994867	ns	1.0109974739511949	0.5901125465061625	ns	0	True
333	GDI1	0.66151	7	A	A	False		0			NA			NA	0.9875296833209579	0.08926388944143472	ns	0	True
337	IL1RAP	0.659911	7	A	A	False		0	1.0122891723863199	0.16745624094926692	ns	0.9917271886618533	0.5315228976046	ns	0.9796876383889449	0.08356534445454986	ns	0	True
340	SPARC	0.658904	7	A	A	False		0			NA	0.9929471733215212	0.5584325897452167	ns			NA	0	True
346	NELL2	0.657513	7	A	A	False		0	0.9724563713704255	0.13948744682642553	ns	0.9666935733443093	0.04824631676283226	down	0.994073977819699	0.6162484747292288	ns	1	True
347	PIK3IP1	0.657294	7	A	A	False		0	0.9713092308730886	0.06735860456111858	ns	0.9696337200526784	0.045525263893903	down	0.9982749975320382	0.8834610988374154	ns	1	True
348	GAPDH	0.656869	7	A	A	False		0	1.0210063050160718	0.16799955774845535	ns	1.0102490412929062	0.5599091723333887	ns	0.9894640574986497	0.3878196473746167	ns	0	True
349	ANXA6	0.656833	6	A	A	False		0	0.9555501186082832	0.0842461479429129	ns	1.0518652420743926	0.058483625957587146	ns	1.1007954701595226	0.0037931121666806115	up	1	True
353	CRTAC1	0.655893	7	A	A	False		0	0.9780386798727072	0.1704106460740469	ns			NA			NA	0	True
357	CAT	0.654512	6	A	A	False		0	1.0294115892456253	0.45728714046908314	ns	1.023501892997393	0.45846925102213476	ns	0.9942591512374919	0.804957636813999	ns	0	True
358	ANXA2	0.653577	6	A	A	False		0	0.9982264181495558	0.8778863950280115	ns	1.0439902014232358	0.00952115518117973	up	1.045845093299087	0.004927826599714858	up	2	True
363	CFL2	0.651931	7	A	A	False		0			NA			NA	1.003524902520079	0.8527262941060099	ns	0	True
364	IGF2	0.651929	7	A	A	False		0	0.9803780284714961	0.26178143459027475	ns	0.9834033850037008	0.3160840113586503	ns	1.0030859081337444	0.7976715691402455	ns	0	True
367	HSPA5	0.650857	7	A	A	False		0	1.0154114893174768	0.07118601118824638	ns	1.0253320996389728	0.02094760974305516	up	1.0097700394626854	0.25288171946921634	ns	1	True
371	GSTP1	0.649498	7	A	A	False		0	1.0056400939303787	0.5472390562152587	ns	1.0155577762135948	0.2028631059354758	ns	1.009862059342179	0.27394892898310685	ns	0	True
373	AZGP1	0.649146	7	A	A	False		0	1.0015828551562416	0.8351406525982031	ns	0.9971037228837236	0.7499584677598646	ns	0.9955279463406757	0.5239177486034428	ns	0	True
380	F2	0.647291	7	A	A	False		0	1.002822165417188	0.5402212678360827	ns	0.9995823891700018	0.918054427838562	ns	0.9967693412063359	0.4013776802063632	ns	0	True
388	APLP1	0.644777	7	A	B	False		0	0.9705161972489023	0.02924800141861079	down	0.9794765449161108	0.07798080074853486	ns	1.009232558603976	0.2895571358954466	ns	1	True
393	MB	0.643393	7	A	A	False		0	1.0014341688586557	0.9166064170007635	ns	1.0062351210991554	0.6067876088946426	ns	1.0047940767249548	0.7078015261649291	ns	0	True
398	SERPINA3	0.642578	7	A	A	False		0	1.0220108049753398	0.10711407594074349	ns	0.9844454709733775	0.3570351670064537	ns	0.9632437017112861	0.05880178706726065	ns	0	True
399	ALDOA	0.642527	6	A	A	False		0	0.9903522425489466	0.5458508033399867	ns	0.9976182517903657	0.880470433009103	ns	1.0073367928392003	0.5311062283525183	ns	0	True
404	RELN	0.641279	6	A	A	False		0	0.9851568987091736	0.32627823400330536	ns			NA			NA	0	True
405	PLA2G7	0.64122	7	A	A	False		0	0.97395050531054	0.07737573399572596	ns	0.9851646851146202	0.24641989331037395	ns	1.0115141167266037	0.3325114239773481	ns	0	True
412	LY6H	0.638818	6	A	A	False		0	0.9811318885090607	0.16198451603182445	ns	0.9933215431639021	0.6041740702402946	ns	1.0124240734580188	0.23208949578615162	ns	0	True
413	CDH13	0.63878	6	A	A	False		0			NA			NA	1.0200015225674206	0.04368620427362498	up	1	True
417	ITIH2	0.638245	6	A	A	False		0	1.0050645908430869	0.37335887007386376	ns	1.0059647278301904	0.25733191453580584	ns	1.0008956011338022	0.8483202586182965	ns	0	True
424	UBA1	0.635935	7	A	A	False		0			NA			NA	1.0098377174594586	0.5792482371462111	ns	0	True
425	FABP3	0.635748	7	A	A	False		0	1.0069862498026863	0.71819630439383	ns	1.0154686837164892	0.3276112089481553	ns	1.0084235846472234	0.5786931820930963	ns	0	True
426	F5	0.634621	6	A	A	False		0	0.9878333301961617	0.5126023792483444	ns	0.9974013589252799	0.8994182991340143	ns	1.0096858735544165	0.6174237316285426	ns	0	True
432	CDH2	0.633725	6	A	A	False		0	0.9758487654262363	0.14691045478131773	ns	0.9858515912549409	0.34406422385039975	ns	1.0102503852882732	0.2987554665539425	ns	0	True
439	RBP4	0.632736	7	A	A	False		0	0.990740752133858	0.4071656098710727	ns	0.9878977649007639	0.331825731854125	ns	0.9971304428257636	0.7939900214090886	ns	0	True
442	BPGM	0.631824	6	A	A	False		0	1.0314864606370913	0.3371013672710048	ns	1.0196187548947089	0.4837589673414896	ns	0.9884945598461347	0.528907522969013	ns	0	True
446	APLP2	0.631101	7	A	A	False		0	1.0059714807105535	0.8489545490810868	ns	1.0011866607615605	0.9696852270347867	ns	0.9952435829039474	0.6379960649331418	ns	0	True
448	TPPP3	0.631023	7	A	A	False		0	1.035209962873047	0.09884128347906734	ns	1.0302150410139987	0.1608982745620487	ns	0.9951749673610311	0.7679920825377367	ns	0	True
454	FMOD	0.63	6	A	A	False		0			NA	1.0145290790321333	0.19543247938234581	ns			NA	0	True
455	TUBB4B	0.629666	5	A	A	False		0			NA			NA	0.9973094755737573	0.8755860905556658	ns	0	True
457	HSP90AA1	0.629138	7	A	A	False		0			NA			NA	0.9959640861195628	0.8264655646545556	ns	0	True
466	DCN	0.62765	7	A	A	False		0	1.0036284886954379	0.6973054699166352	ns	1.0498149575867846	0.0025974993863738874	up	1.0460194877004556	0.013293736505654272	up	2	True
471	SERPING1	0.626859	6	A	A	False		0	0.9764635171779638	0.0022199140447056944	down	0.9824899986917702	0.007887904938983784	down	1.0061717426281562	0.3343720826299448	ns	2	True
477	LMNA	0.626009	5	A	A	False		0			NA	1.106890192661807	0.020899900707579428	up			NA	1	True
480	CTSL	0.625863	0	absent	A	True	lysosomal cysteine proteases that digest polyQ proteins and peptides	0	1.001834061686202	0.8678150351007335	ns	0.9847128464245644	0.18857355637092543	ns	0.9829101286166885	0.08957065344840215	ns	0	True
489	EEF2	0.624151	7	A	A	False		0	1.0312025721693419	0.4126159678141941	ns			NA			NA	0	True
497	PYGM	0.620816	7	A	A	False		0	0.9919501121806521	0.6638506970717933	ns	0.9961069492414155	0.8317250133466054	ns	1.004190570684674	0.7794842319244026	ns	0	True
499	ENO1	0.620159	6	A	A	False		0	1.0134169291242798	0.190607022929082	ns	1.0147739098108313	0.16895218989648642	ns	1.0013390152143244	0.8218676885810879	ns	0	True
508	ITIH1	0.618106	6	A	A	False		0			NA	1.0309899681328512	0.008953108026297214	up			NA	1	True
514	CKM	0.616407	7	A	A	False		0	1.0024501426739059	0.8787573849506731	ns	1.0051339719427894	0.7569344779513876	ns	1.0026772695764448	0.8020523356754653	ns	0	True
515	CFL1	0.616396	6	A	A	False		0	1.031549057559566	0.032322197939300634	up	1.0363098724677906	0.02554839345508484	up	1.0046152094011773	0.6255416064896732	ns	2	True
521	CFD	0.615505	7	A	A	False		0	0.9962449467107272	0.754850854416449	ns	0.995721757694244	0.7875665748035756	ns	0.9994748389758857	0.9674538261034922	ns	0	True
528	PVALB	0.613421	7	A	A	False		0	0.9779175317784251	0.2250114545577888	ns	0.9998073353740992	0.9818199424888847	ns	1.0223840997674576	0.17579492359555313	ns	0	True
529	CLEC3B	0.613311	7	A	A	False		0	0.9894316596967023	0.46663262886809587	ns	1.0064697109234397	0.6314026263579051	ns	1.017220038453146	0.021197607758163883	up	1	True
542	CA1	0.611229	6	A	A	False		0	1.0232042118589493	0.3114171453924353	ns	1.0214735031630728	0.2826391422000819	ns	0.9983085402935039	0.8855017244264171	ns	0	True
554	ECM1	0.609487	7	A	A	False		0	0.9731371521388655	0.044971297347260845	down	0.9896490810381224	0.2959176687110096	ns	1.0169677304611844	0.05626158273626644	ns	1	True
556	CA3	0.609195	7	A	A	False		0	0.9944392687079004	0.7656820905727608	ns	1.0008146202500343	0.9666439704892646	ns	1.0064110013982226	0.6185004043872473	ns	0	True
564	ACTG1	0.606361	4	A	A	False		0	1.018944200169364	0.0901005867011536	ns	1.0232099985804188	0.15236585552852933	ns	1.0041864887305367	0.7327249970713205	ns	0	True
570	ATP1A2	0.604533	7	A	A	False		0			NA			NA	1.015911109760306	0.3808616481456482	ns	0	True
577	HSP90AB1	0.602528	6	A	A	False		0			NA			NA	0.9965620912997303	0.8937772911061348	ns	0	True
578	CFI	0.602336	7	A	A	False		0	1.0018906553749376	0.5962078740878394	ns	0.9989121398251563	0.840843838235501	ns	0.9970271051698085	0.60993394438242	ns	0	True
583	TPM3	0.60141	3	A	A	False		0			NA			NA	1.0122166119596665	0.35548546599098535	ns	0	True
588	YWHAG	0.599896	6	A	A	False		0	1.0149616013432605	0.4039531197280659	ns	1.0146294995867107	0.3994135409279569	ns	0.9996727937725818	0.9800639654207901	ns	0	True
595	SERPIND1	0.598735	6	A	A	False		0	0.9955708269751399	0.5388903532549999	ns	0.9997948625526567	0.9726339834008718	ns	1.0042428277959399	0.3431309538539853	ns	0	True
606	NBL1	0.596071	5	A	A	False		0	0.9673646659863847	0.01886365528390499	down	0.9829483679676294	0.15289411405552342	ns	1.0161094389005356	0.1996765470980209	ns	1	True
614	RNASE4	0.594407	7	A	A	False		0	0.9889905614052299	0.28723248747475927	ns	0.9995104274775566	0.9394489890154555	ns	1.0106369731753346	0.19285077062725792	ns	0	True
618	LYZ	0.593934	7	A	A	False		0	1.0037191644650445	0.7778859372094273	ns	0.9726968495142929	0.04387709563423495	down	0.969092634624262	0.0182767906507	down	2	True
621	COL1A2	0.593736	7	A	A	False		0			NA	1.0006148469580725	0.9484337393286564	ns			NA	0	True
676	SPP1	0.580327	7	A	B	False		0	0.9844493498004492	0.24251979921625216	ns	0.9848322003802371	0.26161653153554265	ns	1.000388898199654	0.9779886036801548	ns	0	True
678	HRG	0.58	7	A	A	False		0	1.0144106774127943	0.19768155460434517	ns	1.012241850344109	0.298018103089168	ns	0.997861983201698	0.6645954162241765	ns	0	True
679	FETUB	0.579256	7	A	A	False		0	0.995897376691443	0.5772932030586403	ns	0.9954859567617991	0.6817081832858524	ns	0.9995868852160142	0.9660529695824976	ns	0	True
680	SERPINA6	0.579169	7	A	A	False		0	0.9956178417843761	0.367916743175223	ns	1.0025694546357335	0.5447488141249223	ns	1.0069822100002734	0.02058342883922153	up	1	True
692	SOD3	0.57628	7	A	A	False		0	0.9915878398753994	0.23252198319227785	ns	0.9948167045730318	0.45424745841820646	ns	1.0032562568516756	0.6546306213434143	ns	0	True
693	ALDH1A1	0.575809	7	A	A	False		0			NA			NA	0.9775585066714686	0.037672327340096484	down	1	True
696	PHPT1	0.57514	7	A	B	False		0	0.9911443745238414	0.6679266352329537	ns	1.0110873235077262	0.5414644634317727	ns	1.0201211342126273	0.222545403497611	ns	0	True
697	APOE	0.575049	7	A	A	False		0	0.9907991227059896	0.3798421905543387	ns	0.9797317644271888	0.06793134801703678	ns	0.988829866695305	0.2134862410586037	ns	0	True
710	APOA2	0.572261	7	A	A	False		0	1.0614258004766137	0.001313318715684754	up	1.0297893575366852	0.08098284094154297	ns	0.9701943904833266	0.017645650839269875	down	2	False
716	TCN2	0.571518	7	A	A	False		0	0.9823535939439624	0.1825594634825607	ns	0.9894437427802978	0.3415868500752499	ns	1.0072175119835107	0.4543334867002654	ns	0	True
730	COL1A1	0.569747	6	A	A	False		0	0.9541024991773356	0.0037848204335265644	down	1.0087327624349185	0.321609644487425	ns	1.0572582749806099	0.0017658406840187716	up	2	False
736	SELENBP1	0.569078	7	A	A	False		0	1.0243716592862853	0.3038484174356581	ns	1.0323997586169722	0.1968157702052778	ns	1.0078370962901104	0.34628058116250426	ns	0	True
756	CS	0.564482	7	A	B	False		0	0.9916132785943724	0.6113610577692016	ns	1.0232612178546818	0.28013177687153207	ns	1.0319156065610284	0.10899405823749879	ns	0	True
776	SERPINA1	0.560357	7	A	A	False		0	1.0161139305586169	0.14045351569679004	ns	0.9970769917323127	0.6983351584289081	ns	0.966042014611614	0.30028382821939714	ns	0	True
806	AMBP	0.556253	7	A	A	False		0	1.0043823809634211	0.1834306522807929	ns	1.008867516002642	0.047039313360263166	up	1.004465565231161	0.2632593494143192	ns	1	True
813	F12	0.555498	7	A	A	False		0	1.009571082661296	0.16400037354291785	ns	1.0019216620299116	0.8181922756237983	ns	0.9924230985190068	0.212615156154816	ns	0	True
818	SELENOP	0.554167	5	A	A	False		0	0.9890246516736628	0.2830285474046401	ns	0.9953306983485767	0.6154775515253461	ns	1.0063760257787737	0.5272358953877379	ns	0	True
836	KLKB1	0.551429	7	A	A	False		0	1.0277482191324419	0.023866561087014928	up	1.0034705754059265	0.8057123445805039	ns	0.9763778294386063	0.10657332984463469	ns	1	True
850	MT3	0.55	0	absent	A	True	Lysosome localization	0			NA			NA	1.0159500551606608	0.07778741670523061	ns	0	True
855	ALB	0.5493	7	A	A	False		0	0.9979513524684288	0.6988494457581349	ns	0.9947887067045182	0.4100744412711967	ns	0.9968308617889161	0.5643374172398411	ns	0	True
868	TMSB4X	0.547587	4	A	B	False		0	1.0093485995453781	0.4247832598224009	ns	1.0104518849135142	0.4185232304771479	ns	1.001093066725047	0.8627312629139063	ns	0	True
882	CYCS	0.54526	2	A	A	False		0	0.9839734365750168	0.04831823405929729	down	0.9966259301260099	0.6104070109900217	ns	1.0128585722751149	0.1724974659313884	ns	1	True
891	SPOCK1	0.5434	5	A	A	False		0			NA	0.9856077538682562	0.12227396564537088	ns			NA	0	True
896	C3	0.542852	6	A	A	False		0	1.0091237338858587	0.20917468484703808	ns	1.0003298345211897	0.9550854911227356	ns	0.9912856084250382	0.2945247635635614	ns	0	True
899	AFM	0.5425	6	A	A	False		0	1.003930969483497	0.4129461097479316	ns	0.9874166585997787	0.11576119506971935	ns	0.9835503521798769	0.03931644186464735	down	1	True
977	FGG	0.530855	7	A	A	False		0	1.0156461728331345	0.25579553238999464	ns	1.0110867561090031	0.2657321907066824	ns	0.9955108217348835	0.6732228831494937	ns	0	True
979	ANXA1	0.530089	6	A	A	False		0			NA			NA	1.0530396477130024	0.005665283713127163	up	1	True
986	CPN2	0.529422	6	A	A	False		0	1.0165860008357432	0.09774888607520223	ns	1.0063606279920336	0.5200072822732282	ns	0.9899414581399869	0.3014763291335508	ns	0	True
987	ITIH4	0.529182	6	A	B	False		0	1.0003142365171127	0.987751623744702	ns	1.0661922768587706	0.019850430851747074	up	1.0658573455587634	0.01897189282849918	up	2	True
1001	PON1	0.52548	7	A	A	False		0			NA			NA	0.9783980686371667	0.087740031716818	ns	0	True
1016	IDH2	0.523346	4	A	B	False		0	0.9874411491135455	0.4303253219830925	ns	1.033160066408431	0.11679973337337175	ns	1.046300397077769	0.021445804051139376	up	1	True
1035	NME2	0.519695	7	A	B	False		0	1.0002619838120628	0.9899687074965364	ns	1.0081332070696618	0.687606011081987	ns	1.0078691616646285	0.46661623738592317	ns	0	True
1080	EEF1A2	0.509753	6	A	B	False		0			NA			NA	1.0076192327573683	0.622830868300396	ns	0	True
1105	GPD1	0.505349	7	A	B	False		0	0.9956461525445117	0.885556319598174	ns	0.9968723802192068	0.9264619813143061	ns	1.0012315898289381	0.9595133826738882	ns	0	True
1195	APOA1	0.49225	6	A	A	False		0	1.0436223141986134	0.003369590603234367	up	1.0182100412386392	0.14359676046648304	ns	0.9756499333003549	0.06168747994837489	ns	1	True
1220	PGLYRP1	0.48904	6	A	A	False		0			NA			NA	1.001289601762498	0.9123058355568354	ns	0	True
1234	PGAM2	0.487176	6	A	B	False		0	0.9936414173160587	0.7042431736670657	ns	0.9990048191074967	0.9489430323182708	ns	1.0053977236636584	0.6962015943028141	ns	0	True
1314	TPM2	0.475725	4	A	A	False		0	0.9914072898802453	0.733400353883416	ns	1.0124754051456275	0.6477009794827431	ns	1.0212507165122087	0.2537981738649069	ns	0	True
1326	JCHAIN	0.474221	4	A	A	False		0			NA	0.9993305912172058	0.966235813468721	ns			NA	0	True
1336	LRG1	0.472857	4	A	A	False		0	0.990675642719891	0.38978114214694937	ns	1.0104377773816131	0.5015357257799764	ns	1.0199481382296485	0.13182961190986764	ns	0	True
1371	NPPC	0.466488	6	A	A	False		0	0.9638135090757516	0.04055887528567146	down	0.9718251475273415	0.03870348336017759	down	1.0083124363542826	0.4967109380381486	ns	2	True
1511	PNP	0.443687	6	A	B	False		0			NA			NA	0.9832263099975845	0.3797726626062389	ns	0	True
1541	TF	0.438713	7	A	A	False		0	0.9944892221448832	0.4798653996767055	ns	0.9922042965323457	0.29637566802120097	ns	0.9977024128953258	0.653291739734206	ns	0	True
1617	HSPA8	0.42987	0	absent	A	False		0	1.0231306363631454	0.15884141829632556	ns	1.0301383353861566	0.0677760384480732	ns	1.0068492710255663	0.5804540311757216	ns	0	True
1624	LDHA	0.429202	0	absent	A	False		0	1.0012016980250449	0.9388923077096699	ns	0.9965786092903947	0.8293522388774603	ns	0.9953824601538634	0.6623724647626581	ns	0	True
1673	SLC4A1	0.423306	4	A	B	False		0			NA			NA	0.9566912208287134	0.07634219397684436	ns	0	True
1691	C9	0.421408	6	A	A	False		0			NA			NA	0.9951005423307658	0.6978758808731951	ns	0	True
1707	IGKC	0.419123	5	A	A	False		0	1.0146327287006347	0.30763470189998443	ns	1.0018595597375217	0.7909381393604187	ns	0.9874110418461756	0.37656288904529134	ns	0	True
1746	PEBP1	0.414829	1	A	A	False		0	1.002068900722316	0.8429058977397694	ns	1.0086992109720905	0.40634775451069916	ns	1.0066166211175651	0.3690677412624496	ns	0	True
1798	CPAMD8	0.408631	7	A	A	False		0	1.0243072810804414	0.010823470764392868	up	0.9934039606569591	0.6093667101104712	ns	0.9698300295289463	0.05389088812230561	ns	1	True
1799	PZP	0.408631	7	A	A	False		0	1.02577085906343	0.13230083016255953	ns	1.0126634139215491	0.33053419134795686	ns	0.987221858540758	0.27133607183338826	ns	0	True
1805	MYL1	0.407849	6	A	A	False		0			NA	1.0212041495934994	0.3902741775986291	ns			NA	0	True
1826	FGB	0.405327	6	A	A	False		0	1.0154891661964451	0.19741438119614307	ns	1.0056891070709533	0.4849861210658539	ns	0.9903494203072609	0.2687764305886608	ns	0	True
1982	PTMS	0.388078	0	absent	A	False		0			NA			NA	1.0252153089292477	0.1241348380221887	ns	0	True
1984	CES1	0.387914	7	A	B	False		0	0.9992533798903439	0.8319121437537201	ns	0.9973395356035138	0.43651100304370083	ns	0.998084725730885	0.685187054293149	ns	0	True
2025	FHL1	0.381824	0	absent	A	False		0	0.9880805169369464	0.6586212443404755	ns	0.9929725627558714	0.7533892919010526	ns	1.0049510598934694	0.8183417196532349	ns	0	True
2046	CALM2	0.378992	6	A	A	False		0	1.0317250945306453	0.0008212997288251394	up	1.0287028999597052	0.009549845853074501	up	0.9970707365877197	0.7291913304965127	ns	2	True
2055	ORM1	0.377595	7	A	A	False		0	1.000064005214588	0.9921534750396299	ns	1.0002145800612685	0.9879133567569782	ns	1.000150565209722	0.9912776501097045	ns	0	True
2057	TPT1	0.37645	0	absent	A	False		0	1.0157958244153413	0.2893008293285613	ns	1.0211697396870707	0.13236289270676402	ns	1.0052903498346455	0.681333645255374	ns	0	True
2058	GPX1	0.37639	7	A	absent	False		0	1.024492394682062	0.4427984464253712	ns	1.0239103363007511	0.4116399642133903	ns	0.9994318568060317	0.9683555541738705	ns	0	True
2061	IGHM	0.375809	7	A	A	False		0	1.028484489759332	0.34994545341795547	ns	1.0073824236114917	0.6782079177077682	ns	0.9794823681271284	0.4641831614417745	ns	0	True
2073	A2M	0.374564	7	A	A	False		0	0.9953454223678089	0.47194599323064035	ns	0.9779320601845466	0.03305067308603214	down	0.9825052069443009	0.07720818355152231	ns	1	True
2266	C4A	0.344286	6	A	A	False		0	1.0036011327460233	0.5990305005426286	ns	0.9882925126728146	0.09230077871783372	ns	0.9847463104875922	0.024089802527051177	down	1	True
2432	CFH	0.33	0	absent	A	False		0	0.9874016957822029	0.11995971733307698	ns	0.9871237760779523	0.10737166505521852	ns	0.9997185343053007	0.9603138578731292	ns	0	True
2476	ACYP1	0.326319	0	absent	A	False		0			NA			NA	0.9915437892618075	0.30559820665423193	ns	0	True
2592	PTMA	0.30842	0	absent	B	False		0	1.0017902131276504	0.873853232690906	ns	1.0221810502980704	0.06744369227632074	ns	1.0203543984590933	0.1349498945298376	ns	0	True
3246	MYH1	0.23429	2	A	B	False		0	1.0006075324030004	0.989937025900091	ns	1.0420267083409585	0.5180192458417014	ns	1.0413940277248246	0.46818902270118	ns	0	True
3248	PGAM4	0.234095	7	A	absent	False		0	1.03235077814223	0.026069655807827545	up	1.031682528403575	0.023269177186591782	up	0.9993526912045751	0.9386810126169862	ns	2	True
3318	CKMT2	0.227564	6	A	absent	False		0			NA	1.0282109814152893	0.21159643223388894	ns			NA	0	True
3354	HPR	0.224549	7	A	A	False		0			NA	1.0428779158683663	0.3692554684717172	ns			NA	0	True
3382	EIF5AL1	0.221958	7	A	absent	False		0			NA			NA	1.0124062107077345	0.5467126533688229	ns	0	True
4285	PGM2	0.187019	5	A	absent	False		0	1.0068007845018174	0.7054508039584086	ns	1.004604095294978	0.8068757721388271	ns	0.9978181490910077	0.8601672851642364	ns	0	True
5104	ACTA1	0.160399	4	A	absent	False		0	1.009626648152875	0.27401721623932923	ns	1.0153137596847526	0.11481514419726266	ns	1.0056328857229375	0.4249068265339946	ns	0	True
6021	FGA	0.13	0	absent	A	False		0	1.0102158724162202	0.29332530216017694	ns	1.0061922414190974	0.3843116806309682	ns	0.9960170582278625	0.5691373377125164	ns	0	True
6033	IGHG3	0.13	0	absent	A	False		0			NA			NA	0.9218986698870288	0.011739610284441303	down	1	True
6708	PLGLB1	0.114286	6	A	absent	False		0	1.00643173547709	0.25090155827997335	ns	0.9862696446601851	0.1270935725371687	ns	0.9799667576983279	0.02197093302993709	down	1	True
8609	GSTM1	0.090497	5	A	absent	False		0	1.0161783536390279	0.2746739162720911	ns	1.0254341490135448	0.12488347007521125	ns	1.0069422653386166	0.5015405032300349	ns	0	True
8692	ATP2A1	0.07015	6	A	absent	False		0	1.0007617964630313	0.9754812871274441	ns	1.0466233293948488	0.10018342246199567	ns	1.045826622372981	0.0759573518656484	ns	0	True
8908	ATP5A1	0.03	0	absent	absent	False		0	1.0267449174962378	0.13373269654608408	ns	1.0684009276956075	0.02027948897306235	up	1.0405709436584794	0.10257789122625774	ns	1	True
8917	ATP5B	0.03	0	absent	absent	False		0	1.018590713409079	0.3111884163649589	ns	1.0640915172224195	0.017810707707760044	up	1.0446703501360772	0.039115849443949684	up	2	True
9451	UBC	0.0	1	A	absent	False		0	1.0123362563843767	0.05680857094055772	ns	1.005431529860202	0.3498281578929524	ns	0.9931794139737369	0.16756006326957945	ns	0	True
